TaskType,Az1,El1,Az2,El2,Az3,El3,Az4,El4,Az5,El5,Az6,El6,Az7,El7,Az8,El8,Az9,El9
G,20,11,37,24,54,33
G,-42,23,-54,33,-60,33
O,-59,31,56,-9
B,12,11,-13,-4,-38,-10,-60,-10
G,57,11,45,21,33,31,21,33
G,-6,-7,8,-10,22,-10,36,-10
O,9,-4,-13,-7
O,27,20
G,-3,33,-24,25,-45,17,-60,9
B,11,-4,-3,3,-17,10
O,-4,28,-23,-7
O,-54,31,14,22
O,-58,-8,31,2
G,-37,-10,-13,-10,11,-10
G,-17,20,-2,9,13,-2
B,56,6,31,11,6,16
G,-1,18,-13,12,-25,6,-37,0
G,-38,-10,-54,5,-60,20
B,-48,19,-60,7,-60,-5
O,-27,18,-3,-1
G,59,28,41,33,23,33,5,33
B,44,11,22,17,0,23
G,42,17,30,11
G,-13,4,-1,12,11,20,23,28
B,-12,16,-23,21,-34,26,-45,31
B,-50,11,-60,5,-60,-1,-60,-7
G,-43,24,-56,33,-60,33
G,-16,-10,-3,-10
O,-50,1
B,-37,24,-15,10,7,-4
B,-8,3,10,11,28,19,46,27
B,-2,-2,20,-10,42,-10
O,-3,-2
O,-46,16,-16,25
B,-24,18,-4,29,16,33
O,-33,-1,-27,28
G,19,11,39,6,59,1,60,-4
O,5,-10,-58,23
G,38,11,60,-3,60,-10
G,0,20,-23,9
B,33,29,20,33,7,33
B,-20,-5,-33,-10,-46,-10,-59,-10
B,13,19,1,4,-11,-10,-23,-10
B,-30,19,-51,27,-60,33
G,-52,27,-29,13,-6,-1
O,-46,18,60,15
O,-55,1,-55,17
B,-24,-4,-8,4,8,12
G,-31,13,-13,27
B,40,7,26,-6,12,-10
O,30,29,-38,9
G,60,31,48,20,36,9
B,-21,24,0,19,21,14,42,9
G,-15,-2,-38,4,-60,10,-60,16
G,34,3,49,-3,60,-9
B,-28,13,-42,2,-56,-9
B,44,6,32,19,20,32
O,-19,7,52,12
B,7,22,22,13,37,4
B,39,32,15,17,-9,2
B,22,31,42,33,60,33
B,-32,-1,-21,-8,-10,-10
B,6,30,26,22,46,14
G,9,31,30,24,51,17,60,10
B,-48,2,-31,-7,-14,-10
G,-39,-1,-23,5,-7,11
O,-52,8
G,-27,20,-49,28
B,55,-4,37,7,19,18
B,52,6,36,-2,20,-10
B,-25,7,-43,15,-60,23,-60,31
G,-46,3,-23,-10,0,-10,23,-10
B,16,-2,38,-10,60,-10
G,-7,17,6,31
G,-9,22,3,33,15,33
B,1,23,-15,16,-31,9
O,-5,8,-56,11
O,0,26,29,28
G,-23,20,-10,12,3,4,16,-4
G,-8,31,-29,33
G,-20,-10,-43,-10,-60,-10
O,57,7,60,27
O,21,17,11,28
B,-23,29,1,33,25,33,49,33
G,10,26,32,16,54,6
G,-41,7,-60,21,-60,33
O,19,9,6,17
G,37,-8,54,0,60,8
O,3,7,28,12
G,38,24,24,11,10,-2
B,37,31,12,33,-13,33
G,40,30,55,20,60,10,60,0
B,-49,-9,-32,-3,-15,3
G,17,5,7,19,-3,33
O,37,10,13,26
B,-8,28,10,18,28,8
O,46,33,-12,7
G,-7,13,15,20,37,27
B,-1,15,16,24,33,33
G,-42,19,-60,6,-60,-7,-60,-10
